Acct ID,Symbol,,Trade Date/Time,Settle Date,Exchange,Type,Quantity,Price,Proceeds,Comm,Fee,Code
Stocks,,,,,,,,,,,,
USD,,,,,,,,,,,,
U2101073,A,,"2018-02-06, 15:47:00",2018-02-08,-,BUY,48,68.51,"-3,288.48",-1,0,
U2101073,A,,"2018-02-12, 10:57:18",2018-02-14,-,BUY,49,67.979,"-3,330.97",-1,0,
U2101073,A,,"2018-03-02, 15:57:38",2018-03-06,-,BUY,49,67.6293,"-3,313.84",-1,0,D
Total A (Bought),,,,,,,146,68.0362103,"-9,933.29",-3,0,
U2101073,A,,"2018-02-08, 12:54:00",2018-02-12,-,SELL,-48,66.19,"3,177.12",-1.08,0,
U2101073,A,,"2018-02-15, 09:34:32",2018-02-20,-,SELL,-49,73.99,"3,625.51",-1.09,0,D
U2101073,A,,"2018-03-09, 10:10:57",2018-03-13,-,SELL,-49,70.7211,"3,465.33",-1.09,0,
Total A (Sold),,,,,,,-146,70.3285199,"10,267.96",-3.25,0,
Total A,,,,,,,0,,334.68,-6.25,0,
U2101073,AAPL,,"2017-12-27, 11:04:51",2017-12-29,-,BUY,5,170.07,-850.35,-1,0,
U2101073,AAPL,,"2018-01-24, 15:36:29",2018-01-26,-,BUY,11,174.37,"-1,918.07",-1,0,
U2101073,AAPL,,"2018-01-29, 15:51:19",2018-01-31,-,BUY,11,168.1489,"-1,849.64",-1,0,
Total AAPL (Bought),,,,,,,27,171.0391815,"-4,618.06",-3,0,
U2101073,AAPL,,"2018-01-08, 10:47:08",2018-01-10,-,SELL,-5,174.9,874.5,-1.02,0,
U2101073,AAPL,,"2018-01-30, 09:30:07",2018-02-01,-,SELL,-11,165.2,"1,817.20",-1.04,0,
U2101073,AAPL,,"2018-02-05, 09:30:06",2018-02-07,-,SELL,-11,158.55,"1,744.05",-1.04,0,
Total AAPL (Sold),,,,,,,-27,164.287037,"4,435.75",-3.11,0,
Total AAPL,,,,,,,0,,-182.31,-6.11,0,
U2101073,ADS,,"2018-01-26, 15:42:16",2018-01-30,-,BUY,12,262.71,"-3,152.52",-1,0,
Total ADS (Bought),,,,,,,12,262.71,"-3,152.52",-1,0,
U2101073,ADS,,"2018-02-02, 15:33:29",2018-02-06,-,SELL,-12,250.57,"3,006.84",-1.07,0,D
Total ADS (Sold),,,,,,,-12,250.57,"3,006.84",-1.07,0,
Total ADS,,,,,,,0,,-145.68,-2.07,0,
U2101073,ALL,,"2018-01-26, 15:34:51",2018-01-30,-,BUY,33,100.42,"-3,313.86",-1,0,
Total ALL (Bought),,,,,,,33,100.42,"-3,313.86",-1,0,
U2101073,ALL,,"2018-02-02, 15:33:50",2018-02-06,-,SELL,-33,98.2521,"3,242.32",-1.08,0,D
Total ALL (Sold),,,,,,,-33,98.2521,"3,242.32",-1.08,0,
Total ALL,,,,,,,0,,-71.54,-2.08,0,
U2101073,AMP,,"2018-01-25, 15:48:57",2018-01-29,-,BUY,22,172.9,"-3,803.80",-1,0,
U2101073,AMP,,"2018-02-12, 10:59:30",2018-02-14,-,BUY,22,155.69,"-3,425.18",-1,0,D
Total AMP (Bought),,,,,,,44,164.295,"-7,228.98",-2,0,
U2101073,AMP,,"2018-01-31, 15:05:24",2018-02-02,-,SELL,-22,167.9011,"3,693.82",-1.09,0,
U2101073,AMP,,"2018-02-20, 09:33:10",2018-02-22,-,SELL,-22,159.42,"3,507.24",-1.08,0,D
Total AMP (Sold),,,,,,,-44,163.66055,"7,201.06",-2.17,0,
Total AMP,,,,,,,0,,-27.92,-4.17,0,
U2101073,AVGO,,"2018-01-26, 15:35:54",2018-01-30,-,BUY,7,250.605,"-1,754.24",-1,0,D
Total AVGO (Bought),,,,,,,7,250.605,"-1,754.24",-1,0,
U2101073,AVGO,,"2018-01-30, 09:30:34",2018-02-01,-,SELL,-7,237.4142857,"1,661.90",-1.04,0,P
Total AVGO (Sold),,,,,,,-7,237.4142857,"1,661.90",-1.04,0,
Total AVGO,,,,,,,0,,-92.33,-2.04,0,
U2101073,AVY,,"2018-02-06, 15:48:13",2018-02-08,-,BUY,29,114.069,"-3,308.00",-1,0,
Total AVY (Bought),,,,,,,29,114.069,"-3,308.00",-1,0,
U2101073,AVY,,"2018-02-09, 12:08:44",2018-02-13,-,SELL,-29,110.16,"3,194.64",-1.08,0,
Total AVY (Sold),,,,,,,-29,110.16,"3,194.64",-1.08,0,
Total AVY,,,,,,,0,,-113.36,-2.08,0,
U2101073,BA,,"2018-02-06, 13:35:14",2018-02-08,-,BUY,10,331.99,"-3,319.90",-1,0,
Total BA (Bought),,,,,,,10,331.99,"-3,319.90",-1,0,
U2101073,BA,,"2018-02-06, 14:59:37",2018-02-08,-,SELL,-10,338.75,"3,387.50",-1.08,0,
Total BA (Sold),,,,,,,-10,338.75,"3,387.50",-1.08,0,
Total BA,,,,,,,0,,67.6,-2.08,0,
U2101073,BDX,,"2018-03-05, 15:57:49",2018-03-07,-,BUY,15,217.4,"-3,261.00",-1,0,
Total BDX (Bought),,,,,,,15,217.4,"-3,261.00",-1,0,
U2101073,BDX,,"2018-03-09, 13:13:53",2018-03-13,-,SELL,-15,226.0698,"3,391.05",-1.08,0,D
Total BDX (Sold),,,,,,,-15,226.0698,"3,391.05",-1.08,0,
Total BDX,,,,,,,0,,130.05,-2.08,0,
U2101073,CCL,,"2018-02-27, 15:51:30",2018-03-01,-,BUY,49,67.61,"-3,312.89",-1,0,D
Total CCL (Bought),,,,,,,49,67.61,"-3,312.89",-1,0,
U2101073,CCL,,"2018-03-02, 09:30:43",2018-03-06,-,SELL,-49,65.57,"3,212.93",-1.08,0,D
Total CCL (Sold),,,,,,,-49,65.57,"3,212.93",-1.08,0,
Total CCL,,,,,,,0,,-99.96,-2.08,0,
U2101073,COG,,"2018-01-29, 15:53:21",2018-01-31,-,BUY,122,27.059918,"-3,301.31",-1,0,D;P
Total COG (Bought),,,,,,,122,27.059918,"-3,301.31",-1,0,
U2101073,COG,,"2018-02-01, 15:51:06",2018-02-05,-,SELL,-122,26.1801,"3,193.97",-1.09,0,D
Total COG (Sold),,,,,,,-122,26.1801,"3,193.97",-1.09,0,
Total COG,,,,,,,0,,-107.34,-2.09,0,
U2101073,COST,,"2018-03-07, 15:56:31",2018-03-09,-,BUY,17,187.3186,"-3,184.42",-1,0,D
Total COST (Bought),,,,,,,17,187.3186,"-3,184.42",-1,0,
U2101073,CTXS,,"2018-02-06, 15:49:23",2018-02-08,-,BUY,22,89.02,"-1,958.44",-1,0,
Total CTXS (Bought),,,,,,,22,89.02,"-1,958.44",-1,0,
U2101073,CTXS,,"2018-02-08, 15:58:41",2018-02-12,-,SELL,-22,84.79,"1,865.38",-1.05,0,
Total CTXS (Sold),,,,,,,-22,84.79,"1,865.38",-1.05,0,
Total CTXS,,,,,,,0,,-93.06,-2.05,0,
U2101073,CVY,,"2018-02-02, 09:30:00",2018-02-06,-,BUY,145,22.76,"-3,300.20",-1,0,
Total CVY (Bought),,,,,,,145,22.76,"-3,300.20",-1,0,
U2101073,CVY,,"2018-02-05, 09:30:09",2018-02-07,-,SELL,-145,22.11,"3,205.95",-1.09,0,
Total CVY (Sold),,,,,,,-145,22.11,"3,205.95",-1.09,0,
Total CVY,,,,,,,0,,-94.25,-2.09,0,
U2101073,DBB,,"2017-11-29, 11:13:55",2017-12-01,-,BUY,90,18.2089,"-1,638.80",-1,0,
Total DBB (Bought),,,,,,,90,18.2089,"-1,638.80",-1,0,
U2101073,DBB,,"2017-12-06, 09:53:55",2017-12-08,-,SELL,-90,17.8,"1,602.00",-1.05,0,
Total DBB (Sold),,,,,,,-90,17.8,"1,602.00",-1.05,0,
Total DBB,,,,,,,0,,-36.8,-2.05,0,
U2101073,DHI,,"2018-01-29, 15:55:17",2018-01-31,-,BUY,68,48.4289,"-3,293.17",-1,0,
U2101073,DHI,,"2018-02-12, 15:56:25",2018-02-14,-,BUY,73,44.935,"-3,280.26",-1,0,
Total DHI (Bought),,,,,,,141,46.6200014,"-6,573.42",-2,0,
U2101073,DHI,,"2018-01-31, 09:30:13",2018-02-02,-,SELL,-68,50.5,"3,434.00",-1.09,0,
U2101073,DHI,,"2018-02-20, 15:48:57",2018-02-22,-,SELL,-73,45.23,"3,301.79",-1.08,0,
Total DHI (Sold),,,,,,,-141,47.7715603,"6,735.79",-2.17,0,
Total DHI,,,,,,,0,,162.37,-4.17,0,
U2101073,DJP,,"2017-12-01, 09:49:59",2017-12-05,-,BUY,100,23.91,"-2,391.00",-1,0,
Total DJP (Bought),,,,,,,100,23.91,"-2,391.00",-1,0,
U2101073,DJP,,"2017-12-07, 15:46:46",2017-12-11,-,SELL,-100,23.05,"2,305.00",-1.07,0,
Total DJP (Sold),,,,,,,-100,23.05,"2,305.00",-1.07,0,
Total DJP,,,,,,,0,,-86,-2.07,0,
U2101073,DTN,,"2018-03-02, 15:58:04",2018-03-06,-,BUY,39,86.81,"-3,385.59",-1,0,
Total DTN (Bought),,,,,,,39,86.81,"-3,385.59",-1,0,
U2101073,DVY,,"2018-02-02, 09:30:00",2018-02-06,-,BUY,19,99.62,"-1,892.78",-1,0,
Total DVY (Bought),,,,,,,19,99.62,"-1,892.78",-1,0,
U2101073,DVY,,"2018-02-05, 15:09:52",2018-02-07,-,SELL,-19,95.21,"1,808.99",-1.04,0,
Total DVY (Sold),,,,,,,-19,95.21,"1,808.99",-1.04,0,
Total DVY,,,,,,,0,,-83.79,-2.04,0,
U2101073,EEM,,"2017-12-04, 15:53:28",2017-12-06,-,BUY,100,45.9192,"-4,591.92",-1,0,
U2101073,EEM,,"2018-02-02, 09:30:00",2018-02-06,-,BUY,39,49.8,"-1,942.20",-1,0,
Total EEM (Bought),,,,,,,139,47.0080576,"-6,534.12",-2,0,
U2101073,EEM,,"2017-12-07, 15:50:16",2017-12-11,-,SELL,-56,45.381,"2,541.34",-1.07,0,
U2101073,EEM,,"2017-12-13, 15:48:48",2017-12-15,-,SELL,-44,46.451,"2,043.84",-1.05,0,
U2101073,EEM,,"2018-02-05, 15:07:00",2018-02-07,-,SELL,-39,47.945,"1,869.86",-1.05,0,
Total EEM (Sold),,,,,,,-139,46.4391007,"6,455.04",-3.17,0,
Total EEM,,,,,,,0,,-79.09,-5.17,0,
U2101073,EFA,,"2017-12-06, 15:58:26",2017-12-08,-,BUY,14,69.28,-969.92,-1,0,
U2101073,EFA,,"2017-12-20, 15:29:00",2017-12-22,-,BUY,14,69.67,-975.38,-1,0,
Total EFA (Bought),,,,,,,28,69.475,"-1,945.30",-2,0,
U2101073,EFA,,"2017-12-13, 09:48:31",2017-12-15,-,SELL,-14,70.28,983.92,-1.02,0,
U2101073,EFA,,"2018-01-02, 15:45:17",2018-01-04,-,SELL,-14,70.73,990.22,-1.02,0,D
Total EFA (Sold),,,,,,,-28,70.505,"1,974.14",-2.05,0,
Total EFA,,,,,,,0,,28.84,-4.05,0,
U2101073,EOG,,"2018-03-01, 15:57:16",2018-03-05,-,BUY,33,101.09,"-3,335.97",-1,0,
Total EOG (Bought),,,,,,,33,101.09,"-3,335.97",-1,0,
U2101073,EWA,,"2017-12-07, 15:57:22",2017-12-11,-,BUY,73,22.5993,"-1,649.75",-1,0,D
U2101073,EWA,,"2018-02-05, 09:30:00",2018-02-07,-,BUY,142,23.3,"-3,308.60",-1,0,
Total EWA (Bought),,,,,,,215,23.0620879,"-4,958.35",-2,0,
U2101073,EWA,,"2017-12-13, 15:50:43",2017-12-15,-,SELL,-73,23.17,"1,691.41",-1.05,0,
U2101073,EWA,,"2018-02-05, 15:08:15",2018-02-07,-,SELL,-142,22.835,"3,242.57",-1.09,0,
Total EWA (Sold),,,,,,,-215,22.9487442,"4,933.98",-2.14,0,
Total EWA,,,,,,,0,,-24.37,-4.14,0,
U2101073,EWG,,"2018-02-05, 09:30:00",2018-02-07,-,BUY,98,33.65,"-3,297.70",-1,0,
Total EWG (Bought),,,,,,,98,33.65,"-3,297.70",-1,0,
U2101073,EWG,,"2018-02-05, 15:04:47",2018-02-07,-,SELL,-98,32.97,"3,231.06",-1.09,0,
Total EWG (Sold),,,,,,,-98,32.97,"3,231.06",-1.09,0,
Total EWG,,,,,,,0,,-66.64,-2.09,0,
U2101073,EWH,,"2017-12-01, 13:32:50",2017-12-05,-,BUY,65,25.57,"-1,662.05",-1,0,
Total EWH (Bought),,,,,,,65,25.57,"-1,662.05",-1,0,
U2101073,EWH,,"2017-12-12, 15:06:32",2017-12-14,-,SELL,-65,25.35,"1,647.75",-1.05,0,
Total EWH (Sold),,,,,,,-65,25.35,"1,647.75",-1.05,0,
Total EWH,,,,,,,0,,-14.3,-2.05,0,
U2101073,EWI,,"2017-12-14, 09:48:50",2017-12-18,-,BUY,53,30.8389,"-1,634.46",-1,0,
U2101073,EWI,,"2017-12-15, 15:48:38",2017-12-19,-,BUY,54,30.38,"-1,640.52",-1,0,
Total EWI (Bought),,,,,,,107,30.6073056,"-3,274.98",-2,0,
U2101073,EWI,,"2017-12-22, 15:39:23",2017-12-27,-,SELL,-54,30.7,"1,657.80",-1.04,0,
U2101073,EWI,,"2017-12-22, 15:39:23",2017-12-27,-,SELL,-53,30.7,"1,627.10",-1.04,0,
Total EWI (Sold),,,,,,,-107,30.7,"3,284.90",-2.09,0,
Total EWI,,,,,,,0,,9.92,-4.09,0,
U2101073,EWP,,"2018-02-05, 09:30:00",2018-02-07,-,BUY,95,34.37,"-3,265.15",-1,0,
Total EWP (Bought),,,,,,,95,34.37,"-3,265.15",-1,0,
U2101073,EWP,,"2018-02-05, 14:44:09",2018-02-07,-,SELL,-95,33.961,"3,226.30",-1.09,0,
Total EWP (Sold),,,,,,,-95,33.961,"3,226.30",-1.09,0,
Total EWP,,,,,,,0,,-38.86,-2.09,0,
U2101073,EWT,,"2017-12-06, 15:54:02",2017-12-08,-,BUY,100,35.979,"-3,597.90",-1,0,
U2101073,EWT,,"2017-12-08, 15:54:30",2017-12-12,-,BUY,45,36.28,"-1,632.60",-1,0,
U2101073,EWT,,"2018-02-06, 15:44:41",2018-02-08,-,BUY,88,37.22,"-3,275.36",-1,0,
U2101073,EWT,,"2018-02-13, 11:19:21",2018-02-15,-,BUY,88,36.32,"-3,196.16",-1,0,
Total EWT (Bought),,,,,,,321,36.454891,"-11,702.02",-4,0,
U2101073,EWT,,"2017-12-06, 15:56:30",2017-12-08,-,SELL,-54,36,"1,944.00",-1.05,0,
U2101073,EWT,,"2017-12-14, 15:42:45",2017-12-18,-,SELL,-91,36.6,"3,330.60",-1.09,0,
U2101073,EWT,,"2018-02-08, 10:46:20",2018-02-12,-,SELL,-88,35.9811,"3,166.34",-1.08,0,
U2101073,EWT,,"2018-02-08, 10:46:20",2018-02-12,-,SELL,-88,35.98,"3,166.24",-1.08,0,
Total EWT (Sold),,,,,,,-321,36.1594293,"11,607.18",-4.31,0,
Total EWT,,,,,,,0,,-94.84,-8.31,0,
U2101073,EWY,,"2017-12-07, 15:58:55",2017-12-11,-,BUY,22,74.235,"-1,633.17",-1,0,
U2101073,EWY,,"2017-12-08, 15:58:55",2017-12-12,-,BUY,22,74.38,"-1,636.36",-1,0,
U2101073,EWY,,"2017-12-19, 15:45:08",2017-12-21,-,BUY,22,72.96,"-1,605.12",-1,0,
Total EWY (Bought),,,,,,,66,73.8583333,"-4,874.65",-3,0,
U2101073,EWY,,"2017-12-13, 15:50:16",2017-12-15,-,SELL,-22,75.55,"1,662.10",-1.04,0,
U2101073,EWY,,"2017-12-13, 15:50:24",2017-12-15,-,SELL,-22,75.5401,"1,661.88",-1.04,0,
U2101073,EWY,,"2017-12-29, 04:32:45",2018-01-03,-,SELL,-22,74.84,"1,646.48",-1.04,0,
Total EWY (Sold),,,,,,,-66,75.3100333,"4,970.46",-3.12,0,
Total EWY,,,,,,,0,,95.81,-6.12,0,
U2101073,FB,,"2018-03-01, 15:56:50",2018-03-05,-,BUY,19,176.29,"-3,349.51",-1,0,
Total FB (Bought),,,,,,,19,176.29,"-3,349.51",-1,0,
U2101073,FB,,"2018-03-07, 14:36:45",2018-03-09,-,SELL,-19,182.89,"3,474.91",-1.08,0,
Total FB (Sold),,,,,,,-19,182.89,"3,474.91",-1.08,0,
Total FB,,,,,,,0,,125.4,-2.08,0,
U2101073,FBT,,"2018-02-06, 13:42:05",2018-02-08,-,BUY,25,132.69,"-3,317.25",-1,0,
Total FBT (Bought),,,,,,,25,132.69,"-3,317.25",-1,0,
U2101073,FBT,,"2018-02-09, 10:15:28",2018-02-13,-,SELL,-25,129.1,"3,227.50",-1.08,0,
Total FBT (Sold),,,,,,,-25,129.1,"3,227.50",-1.08,0,
Total FBT,,,,,,,0,,-89.75,-2.08,0,
U2101073,FDX,,"2018-03-08, 15:56:51",2018-03-12,-,BUY,13,240.2679,"-3,123.48",-1,0,D
Total FDX (Bought),,,,,,,13,240.2679,"-3,123.48",-1,0,
U2101073,FIS,,"2018-03-01, 15:57:29",2018-03-05,-,BUY,35,95.96,"-3,358.60",-1,0,
Total FIS (Bought),,,,,,,35,95.96,"-3,358.60",-1,0,
U2101073,FIS,,"2018-03-05, 15:59:10",2018-03-07,-,SELL,-35,99.59,"3,485.65",-1.08,0,P
Total FIS (Sold),,,,,,,-35,99.59,"3,485.65",-1.08,0,
Total FIS,,,,,,,0,,127.05,-2.08,0,
U2101073,FXI,,"2018-02-12, 10:54:09",2018-02-14,-,BUY,71,46.169,"-3,278.00",-1,0,
U2101073,FXI,,"2018-02-28, 15:53:50",2018-03-02,-,BUY,70,47.32,"-3,312.40",-1,0,D
Total FXI (Bought),,,,,,,141,46.7404184,"-6,590.40",-2,0,
U2101073,FXI,,"2018-02-15, 13:37:20",2018-02-20,-,SELL,-71,49.035,"3,481.48",-1.09,0,
Total FXI (Sold),,,,,,,-71,49.035,"3,481.48",-1.09,0,
Total FXI,,,,,,,70,,"-3,108.91",-3.09,0,
U2101073,FXO,,"2018-01-03, 10:50:32",2018-01-05,-,BUY,53,31.28,"-1,657.84",-1,0,
Total FXO (Bought),,,,,,,53,31.28,"-1,657.84",-1,0,
U2101073,FXO,,"2018-01-05, 15:46:17",2018-01-09,-,SELL,-13,31.7,412.1,-1.01,0,
U2101073,FXO,,"2018-01-08, 10:47:03",2018-01-10,-,SELL,-13,31.68,411.84,-1.01,0,
U2101073,FXO,,"2018-01-08, 11:19:36",2018-01-10,-,SELL,-27,31.68,855.36,-1.02,0,
Total FXO (Sold),,,,,,,-53,31.6849057,"1,679.30",-3.05,0,
Total FXO,,,,,,,0,,21.46,-4.05,0,
U2101073,HRS,,"2018-01-25, 15:48:56",2018-01-29,-,BUY,23,144.52,"-3,323.96",-1,0,
Total HRS (Bought),,,,,,,23,144.52,"-3,323.96",-1,0,
U2101073,HRS,,"2018-01-26, 12:49:57",2018-01-30,-,SELL,-23,145.14,"3,338.22",-1.08,0,
Total HRS (Sold),,,,,,,-23,145.14,"3,338.22",-1.08,0,
Total HRS,,,,,,,0,,14.26,-2.08,0,
U2101073,IBM,,"2018-01-22, 10:16:03",2018-01-24,-,BUY,20,163.5179,"-3,270.36",-1,0,D
U2101073,IBM,,"2018-02-01, 15:50:20",2018-02-05,-,BUY,80,162.3265,"-12,986.12",-1,0,D
U2101073,IBM,,"2018-02-02, 09:30:00",2018-02-06,-,BUY,20,161.7,"-3,234.00",-1,0,
U2101073,IBM,,"2018-02-06, 13:31:15",2018-02-08,-,BUY,21,151.745,"-3,186.64",-1,0,
Total IBM (Bought),,,,,,,141,160.8306596,"-22,677.12",-4,0,
U2101073,IBM,,"2018-02-01, 15:46:22",2018-02-05,-,SELL,-100,162.078,"16,207.80",-1.39,0,P
U2101073,IBM,,"2018-02-05, 09:40:57",2018-02-07,-,SELL,-20,157.4,"3,148.00",-1.08,0,
U2101073,IBM,,"2018-02-08, 15:59:05",2018-02-12,-,SELL,-21,147.96,"3,107.16",-1.07,0,
Total IBM (Sold),,,,,,,-141,159.311773,"22,462.96",-3.54,0,
Total IBM,,,,,,,0,,-214.16,-7.54,0,
U2101073,IEV,,"2018-02-06, 13:36:44",2018-02-08,-,BUY,42,47.14,"-1,979.88",-1,0,
U2101073,IEV,,"2018-02-06, 13:38:56",2018-02-08,-,BUY,25,47.125,"-1,178.12",-1,0,
Total IEV (Bought),,,,,,,67,47.134403,"-3,158.00",-2,0,
U2101073,IEV,,"2018-02-06, 13:39:22",2018-02-08,-,SELL,-25,47.11,"1,177.75",-1.03,0,
U2101073,IEV,,"2018-02-13, 15:17:58",2018-02-15,-,SELL,-42,46.62,"1,958.04",-1.05,0,
Total IEV (Sold),,,,,,,-67,46.8028358,"3,135.79",-2.08,0,
Total IEV,,,,,,,0,,-22.22,-4.08,0,
U2101073,IR,,"2018-02-28, 15:52:59",2018-03-02,-,BUY,37,89.04,"-3,294.48",-1,0,
Total IR (Bought),,,,,,,37,89.04,"-3,294.48",-1,0,
U2101073,IR,,"2018-03-01, 13:55:42",2018-03-05,-,SELL,-37,86.3501,"3,194.95",-1.08,0,
Total IR (Sold),,,,,,,-37,86.3501,"3,194.95",-1.08,0,
Total IR,,,,,,,0,,-99.53,-2.08,0,
U2101073,IYF,,"2018-01-03, 10:57:00",2018-01-05,-,BUY,13,119.41,"-1,552.33",-1,0,P
Total IYF (Bought),,,,,,,13,119.41,"-1,552.33",-1,0,
U2101073,IYF,,"2018-01-08, 11:13:39",2018-01-10,-,SELL,-13,120.69,"1,568.97",-1.04,0,
Total IYF (Sold),,,,,,,-13,120.69,"1,568.97",-1.04,0,
Total IYF,,,,,,,0,,16.64,-2.04,0,
U2101073,KO,,"2017-11-29, 15:49:12",2017-12-01,-,BUY,36,45.4693,"-1,636.89",-1,0,D
Total KO (Bought),,,,,,,36,45.4693,"-1,636.89",-1,0,
U2101073,KO,,"2017-12-04, 15:51:14",2017-12-06,-,SELL,-36,46.19,"1,662.84",-1.04,0,
Total KO (Sold),,,,,,,-36,46.19,"1,662.84",-1.04,0,
Total KO,,,,,,,0,,25.95,-2.04,0,
U2101073,KR,,"2018-02-22, 14:38:24",2018-02-26,-,BUY,123,27.1599,"-3,340.67",-1,0,D
Total KR (Bought),,,,,,,123,27.1599,"-3,340.67",-1,0,
U2101073,KR,,"2018-02-28, 09:43:26",2018-03-02,-,SELL,-123,27.2,"3,345.60",-1.09,0,P
Total KR (Sold),,,,,,,-123,27.2,"3,345.60",-1.09,0,
Total KR,,,,,,,0,,4.93,-2.09,0,
U2101073,MAR,,"2018-02-27, 15:56:37",2018-03-01,-,BUY,24,138.5879,"-3,326.11",-1,0,D
Total MAR (Bought),,,,,,,24,138.5879,"-3,326.11",-1,0,
U2101073,MAR,,"2018-03-01, 13:01:20",2018-03-05,-,SELL,-24,138.94,"3,334.56",-1.08,0,
Total MAR (Sold),,,,,,,-24,138.94,"3,334.56",-1.08,0,
Total MAR,,,,,,,0,,8.45,-2.08,0,
U2101073,MCD,,"2017-12-20, 15:29:53",2017-12-22,-,BUY,9,172.1,"-1,548.90",-1,0,
Total MCD (Bought),,,,,,,9,172.1,"-1,548.90",-1,0,
U2101073,MCD,,"2018-01-02, 15:50:30",2018-01-04,-,SELL,-9,173.33,"1,559.97",-1.04,0,
Total MCD (Sold),,,,,,,-9,173.33,"1,559.97",-1.04,0,
Total MCD,,,,,,,0,,11.07,-2.04,0,
U2101073,MMM,,"2017-12-20, 15:30:19",2017-12-22,-,BUY,7,236.91,"-1,658.37",-1,0,
Total MMM (Bought),,,,,,,7,236.91,"-1,658.37",-1,0,
U2101073,MMM,,"2018-01-02, 15:44:47",2018-01-04,-,SELL,-7,235.11,"1,645.77",-1.04,0,
Total MMM (Sold),,,,,,,-7,235.11,"1,645.77",-1.04,0,
Total MMM,,,,,,,0,,-12.6,-2.04,0,
U2101073,NEM,,"2018-02-12, 15:58:13",2018-02-14,-,BUY,89,36.925,"-3,286.32",-1,0,
Total NEM (Bought),,,,,,,89,36.925,"-3,286.32",-1,0,
U2101073,NEM,,"2018-02-14, 14:40:06",2018-02-16,-,SELL,-89,39,"3,471.00",-1.09,0,
Total NEM (Sold),,,,,,,-89,39,"3,471.00",-1.09,0,
Total NEM,,,,,,,0,,184.68,-2.09,0,
U2101073,NKE,,"2018-02-13, 15:10:03",2018-02-15,-,BUY,50,65.86,"-3,293.00",-1,0,
U2101073,NKE,,"2018-03-05, 16:00:09",2018-03-07,-,BUY,10,65.05,-650.5,-1,0,
U2101073,NKE,,"2018-03-05, 16:00:46",2018-03-07,-,BUY,41,65.12,"-2,669.92",-1,0,
Total NKE (Bought),,,,,,,101,65.4794059,"-6,613.42",-3,0,
U2101073,NKE,,"2018-02-14, 15:05:29",2018-02-16,-,SELL,-50,67.75,"3,387.50",-1.08,0,P
Total NKE (Sold),,,,,,,-50,67.75,"3,387.50",-1.08,0,
Total NKE,,,,,,,51,,"-3,225.92",-4.08,0,
U2101073,NSC,,"2018-01-25, 15:31:49",2018-01-29,-,BUY,22,148.45,"-3,265.90",-1,0,
Total NSC (Bought),,,,,,,22,148.45,"-3,265.90",-1,0,
U2101073,NSC,,"2018-02-01, 15:45:52",2018-02-05,-,SELL,-22,148.0221,"3,256.49",-1.08,0,D
Total NSC (Sold),,,,,,,-22,148.0221,"3,256.49",-1.08,0,
Total NSC,,,,,,,0,,-9.41,-2.08,0,
U2101073,ORLY,,"2018-02-27, 15:56:19",2018-03-01,-,BUY,13,238.62,"-3,102.06",-1,0,
Total ORLY (Bought),,,,,,,13,238.62,"-3,102.06",-1,0,
U2101073,ORLY,,"2018-02-28, 12:34:20",2018-03-02,-,SELL,-13,250.26,"3,253.38",-1.08,0,
Total ORLY (Sold),,,,,,,-13,250.26,"3,253.38",-1.08,0,
Total ORLY,,,,,,,0,,151.32,-2.08,0,
U2101073,PBW,,"2018-01-23, 15:11:37",2018-01-25,-,BUY,52,25.5,"-1,326.00",-1,0,P
U2101073,PBW,,"2018-01-23, 15:30:12",2018-01-25,-,BUY,79,25.52,"-2,016.08",-1,0,P
Total PBW (Bought),,,,,,,131,25.5120611,"-3,342.08",-2,0,
U2101073,PBW,,"2018-01-30, 14:55:37",2018-02-01,-,SELL,-131,25.0023664,"3,275.31",-1.09,0,P
Total PBW (Sold),,,,,,,-131,25.0023664,"3,275.31",-1.09,0,
Total PBW,,,,,,,0,,-66.77,-3.09,0,
U2101073,PG,,"2018-01-03, 10:18:45",2018-01-05,-,BUY,18,90.8,"-1,634.40",-1,0,
U2101073,PG,,"2018-01-23, 12:55:28",2018-01-25,-,BUY,37,88.8,"-3,285.60",-1,0,
Total PG (Bought),,,,,,,55,89.4545455,"-4,920.00",-2,0,
U2101073,PG,,"2018-01-12, 06:25:49",2018-01-17,-,SELL,-18,90.87,"1,635.66",-1.04,0,
U2101073,PG,,"2018-01-31, 14:47:01",2018-02-02,-,SELL,-37,86.18,"3,188.66",-1.08,0,
Total PG (Sold),,,,,,,-55,87.7149091,"4,824.32",-2.12,0,
Total PG,,,,,,,0,,-95.68,-4.12,0,
U2101073,PNR,,"2018-02-28, 15:53:21",2018-03-02,-,BUY,49,68.9586,"-3,378.97",-1,0,D
Total PNR (Bought),,,,,,,49,68.9586,"-3,378.97",-1,0,
U2101073,PNR,,"2018-03-01, 13:47:56",2018-03-05,-,SELL,-49,66.8601,"3,276.14",-1.08,0,
Total PNR (Sold),,,,,,,-49,66.8601,"3,276.14",-1.08,0,
Total PNR,,,,,,,0,,-102.83,-2.08,0,
U2101073,PXH,,"2018-02-07, 15:28:12",2018-02-09,-,BUY,142,23.48,"-3,334.16",-1,0,P
Total PXH (Bought),,,,,,,142,23.48,"-3,334.16",-1,0,
U2101073,PXH,,"2018-02-08, 12:27:18",2018-02-12,-,SELL,-142,22.7,"3,223.40",-1.09,0,P
Total PXH (Sold),,,,,,,-142,22.7,"3,223.40",-1.09,0,
Total PXH,,,,,,,0,,-110.76,-2.09,0,
U2101073,QQQ,,"2018-02-08, 15:59:48",2018-02-12,-,BUY,11,153.69,"-1,690.59",-1,0,
Total QQQ (Bought),,,,,,,11,153.69,"-1,690.59",-1,0,
U2101073,QQQ,,"2018-02-16, 09:35:20",2018-02-21,-,SELL,-11,165.6801,"1,822.48",-1.04,0,
Total QQQ (Sold),,,,,,,-11,165.6801,"1,822.48",-1.04,0,
Total QQQ,,,,,,,0,,131.89,-2.04,0,
U2101073,ROK,,"2018-01-29, 15:56:53",2018-01-31,-,BUY,16,200.23,"-3,203.68",-1,0,
Total ROK (Bought),,,,,,,16,200.23,"-3,203.68",-1,0,
U2101073,ROK,,"2018-02-02, 11:56:36",2018-02-06,-,SELL,-16,194.09,"3,105.44",-1.07,0,
Total ROK (Sold),,,,,,,-16,194.09,"3,105.44",-1.07,0,
Total ROK,,,,,,,0,,-98.24,-2.07,0,
U2101073,ROP,,"2018-03-02, 15:57:18",2018-03-06,-,BUY,12,268.64,"-3,223.68",-1,0,
Total ROP (Bought),,,,,,,12,268.64,"-3,223.68",-1,0,
U2101073,ROP,,"2018-03-07, 14:10:52",2018-03-09,-,SELL,-12,279.35,"3,352.20",-1.08,0,
Total ROP (Sold),,,,,,,-12,279.35,"3,352.20",-1.08,0,
Total ROP,,,,,,,0,,128.52,-2.08,0,
U2101073,RSX,,"2017-12-19, 15:48:02",2017-12-21,-,BUY,80,20.81625,"-1,665.30",-1,0,P
U2101073,RSX,,"2018-02-07, 15:23:45",2018-02-09,-,BUY,149,22.3599,"-3,331.63",-1,0,D
Total RSX (Bought),,,,,,,229,21.8206336,"-4,996.93",-2,0,
U2101073,RSX,,"2017-12-28, 15:51:53",2018-01-02,-,SELL,-80,21.17,"1,693.60",-1.05,0,
U2101073,RSX,,"2018-02-08, 15:51:34",2018-02-12,-,SELL,-149,21.6407383,"3,224.47",-1.09,0,P
Total RSX (Sold),,,,,,,-229,21.4762882,"4,918.07",-2.14,0,
Total RSX,,,,,,,0,,-78.86,-4.14,0,
U2101073,SMH,,"2017-12-05, 15:34:43",2017-12-07,-,BUY,17,97.4,"-1,655.80",-1,0,
Total SMH (Bought),,,,,,,17,97.4,"-1,655.80",-1,0,
U2101073,SMH,,"2017-12-14, 09:43:06",2017-12-18,-,SELL,-12,97.8,"1,173.60",-1.03,0,
U2101073,SMH,,"2017-12-14, 09:47:27",2017-12-18,-,SELL,-5,97.88,489.4,-1.01,0,
Total SMH (Sold),,,,,,,-17,97.8235294,"1,663.00",-2.04,0,
Total SMH,,,,,,,0,,7.2,-3.04,0,
U2101073,SOXX,,"2017-12-06, 16:04:42",2017-12-08,-,BUY,5,167.38,-836.9,-1,0,
Total SOXX (Bought),,,,,,,5,167.38,-836.9,-1,0,
U2101073,SOXX,,"2017-12-14, 10:24:27",2017-12-18,-,SELL,-5,167.87,839.35,-1.02,0,
Total SOXX (Sold),,,,,,,-5,167.87,839.35,-1.02,0,
Total SOXX,,,,,,,0,,2.45,-2.02,0,
U2101073,TLT,,"2017-12-19, 15:49:54",2017-12-21,-,BUY,7,125.5,-878.5,-1,0,
Total TLT (Bought),,,,,,,7,125.5,-878.5,-1,0,
U2101073,TLT,,"2017-12-29, 15:36:13",2018-01-03,-,SELL,-7,126.935,888.54,-1.02,0,
Total TLT (Sold),,,,,,,-7,126.935,888.54,-1.02,0,
Total TLT,,,,,,,0,,10.04,-2.02,0,
U2101073,TRV,,"2018-02-13, 15:14:02",2018-02-15,-,BUY,24,138.61,"-3,326.64",-1,0,
Total TRV (Bought),,,,,,,24,138.61,"-3,326.64",-1,0,
U2101073,TRV,,"2018-02-20, 10:57:53",2018-02-22,-,SELL,-24,138.66,"3,327.84",-1.08,0,
Total TRV (Sold),,,,,,,-24,138.66,"3,327.84",-1.08,0,
Total TRV,,,,,,,0,,1.2,-2.08,0,
U2101073,TXN,,"2018-01-25, 15:31:41",2018-01-29,-,BUY,18,110.45,"-1,988.10",-1,0,
Total TXN (Bought),,,,,,,18,110.45,"-1,988.10",-1,0,
U2101073,TXN,,"2018-02-01, 15:45:25",2018-02-05,-,SELL,-18,109.77,"1,975.86",-1.05,0,
Total TXN (Sold),,,,,,,-18,109.77,"1,975.86",-1.05,0,
Total TXN,,,,,,,0,,-12.24,-2.05,0,
U2101073,UNH,,"2017-12-22, 15:38:21",2017-12-27,-,BUY,7,219.93,"-1,539.51",-1,0,
Total UNH (Bought),,,,,,,7,219.93,"-1,539.51",-1,0,
U2101073,UNH,,"2018-01-04, 10:22:26",2018-01-08,-,SELL,-7,225.65,"1,579.55",-1.04,0,
Total UNH (Sold),,,,,,,-7,225.65,"1,579.55",-1.04,0,
Total UNH,,,,,,,0,,40.04,-2.04,0,
U2101073,V,,"2017-12-05, 15:37:28",2017-12-07,-,BUY,15,108.64,"-1,629.60",-1,0,
Total V (Bought),,,,,,,15,108.64,"-1,629.60",-1,0,
U2101073,V,,"2017-12-08, 08:32:52",2017-12-12,-,SELL,-15,111.99,"1,679.85",-1.04,0,
Total V (Sold),,,,,,,-15,111.99,"1,679.85",-1.04,0,
Total V,,,,,,,0,,50.25,-2.04,0,
U2101073,VEA,,"2017-12-22, 15:35:42",2017-12-27,-,BUY,37,44.56,"-1,648.72",-1,0,
Total VEA (Bought),,,,,,,37,44.56,"-1,648.72",-1,0,
U2101073,VEA,,"2018-01-02, 15:43:09",2018-01-04,-,SELL,-37,45.1907,"1,672.06",-1.04,0,D
Total VEA (Sold),,,,,,,-37,45.1907,"1,672.06",-1.04,0,
Total VEA,,,,,,,0,,23.34,-2.04,0,
U2101073,VFH,,"2018-03-01, 15:57:06",2018-03-05,-,BUY,47,71.12,"-3,342.64",-1,0,
Total VFH (Bought),,,,,,,47,71.12,"-3,342.64",-1,0,
U2101073,VFH,,"2018-03-09, 12:01:03",2018-03-13,-,SELL,-47,73.99,"3,477.53",-1.09,0,
Total VFH (Sold),,,,,,,-47,73.99,"3,477.53",-1.09,0,
Total VFH,,,,,,,0,,134.89,-2.09,0,
U2101073,VRTX,,"2018-02-12, 15:54:46",2018-02-14,-,BUY,13,152.2589,"-1,979.37",-1,0,
Total VRTX (Bought),,,,,,,13,152.2589,"-1,979.37",-1,0,
U2101073,VRTX,,"2018-02-20, 15:43:24",2018-02-22,-,SELL,-13,160.8,"2,090.40",-1.05,0,
Total VRTX (Sold),,,,,,,-13,160.8,"2,090.40",-1.05,0,
Total VRTX,,,,,,,0,,111.03,-2.05,0,
U2101073,WMT,,"2018-02-05, 09:30:00",2018-02-07,-,BUY,31,103.4,"-3,205.40",-1,0,
Total WMT (Bought),,,,,,,31,103.4,"-3,205.40",-1,0,
U2101073,WMT,,"2018-02-05, 15:06:58",2018-02-07,-,SELL,-31,101.445,"3,144.80",-1.08,0,
Total WMT (Sold),,,,,,,-31,101.445,"3,144.80",-1.08,0,
Total WMT,,,,,,,0,,-60.61,-2.08,0,
U2101073,WYNN,,"2018-02-22, 14:40:11",2018-02-26,-,BUY,20,163.98,"-3,279.60",-1,0,
Total WYNN (Bought),,,,,,,20,163.98,"-3,279.60",-1,0,
U2101073,WYNN,,"2018-02-23, 15:58:53",2018-02-27,-,SELL,-20,166.98,"3,339.60",-1.08,0,
Total WYNN (Sold),,,,,,,-20,166.98,"3,339.60",-1.08,0,
Total WYNN,,,,,,,0,,60,-2.08,0,
U2101073,XIV,,"2018-01-26, 15:41:29",2018-01-30,-,BUY,14,137.789,"-1,929.05",-1,0,
Total XIV (Bought),,,,,,,14,137.789,"-1,929.05",-1,0,
U2101073,XIV,,"2018-01-29, 14:40:32",2018-01-31,-,SELL,-14,130.21,"1,822.94",-1.04,0,
Total XIV (Sold),,,,,,,-14,130.21,"1,822.94",-1.04,0,
Total XIV,,,,,,,0,,-106.11,-2.04,0,
U2101073,XLG,,"2018-03-02, 15:57:54",2018-03-06,-,BUY,17,193.01,"-3,281.17",-1,0,
Total XLG (Bought),,,,,,,17,193.01,"-3,281.17",-1,0,
Total,,,,,,,,,"-23,156.32",-191.88,0,